neutral,calm,happy,sad,angry,fearful,disgusted,filename
0.0024132162798196077,0.009100315161049366,0.32095497846603394,0.500396192073822,4.488128251978196e-05,0.1595834493637085,0.0075069270096719265,voice_20240826_171248.wav
0.016367223113775253,1.693633385002613e-05,0.9398418068885803,6.956262041057926e-06,0.01047731563448906,5.74780824535992e-06,0.03328403830528259,voice_20240826_171749.wav
0.15817533433437347,0.5268827676773071,0.023254644125699997,0.12886516749858856,0.01619931124150753,0.12475479394197464,0.021868085488677025,voice_20240826_200246.wav
