neutral,calm,happy,sad,angry,fearful,disgusted,filename
0.035871829837560654,0.8524459004402161,0.018130190670490265,0.0001402513444190845,0.00044067774433642626,0.0900571271777153,0.0029140354599803686,voice_20240826_154448.wav
0.312825083732605,0.602279007434845,0.06685410439968109,0.0002149422070942819,0.009439165703952312,0.001401189947500825,0.00698651559650898,voice_20240826_162001.wav
0.010770254768431187,0.4766275882720947,0.004827731288969517,0.48471349477767944,0.0015912462258711457,0.01898658461868763,0.0024830917827785015,voice_20240826_170514.wav
0.0024132162798196077,0.009100315161049366,0.32095497846603394,0.500396192073822,4.488128251978196e-05,0.1595834493637085,0.0075069270096719265,voice_20240826_171248.wav
0.016367223113775253,1.693633385002613e-05,0.9398418068885803,6.956262041057926e-06,0.01047731563448906,5.74780824535992e-06,0.03328403830528259,voice_20240826_171749.wav
