neutral,calm,happy,sad,angry,fearful,disgusted,filename
0.035871829837560654,0.8524459004402161,0.018130190670490265,0.0001402513444190845,0.00044067774433642626,0.0900571271777153,0.0029140354599803686,voice_20240826_154448.wav
0.312825083732605,0.602279007434845,0.06685410439968109,0.0002149422070942819,0.009439165703952312,0.001401189947500825,0.00698651559650898,voice_20240826_162001.wav
0.010770254768431187,0.4766275882720947,0.004827731288969517,0.48471349477767944,0.0015912462258711457,0.01898658461868763,0.0024830917827785015,voice_20240826_170514.wav
0.016367223113775253,1.693633385002613e-05,0.9398418068885803,6.956262041057926e-06,0.01047731563448906,5.74780824535992e-06,0.03328403830528259,voice_20240826_171749.wav
0.0548345148563385,0.944317638874054,1.4541281416313723e-05,4.5685396798944566e-08,2.4302018573507667e-05,0.0007473169825971127,6.161814962979406e-05,voice_20240826_211001.wav
0.00024914121604524553,0.03357752040028572,3.5827972169499844e-05,0.9373453259468079,6.733740883646533e-05,0.027882559224963188,0.0008423340623266995,voice_20240826_215003.wav
0.005952224601060152,0.9923052191734314,0.0008005941635929048,5.4747033573221415e-08,2.626002697070362e-06,0.0009226927068084478,1.668155164225027e-05,voice_20240826_215252.wav
0.5982441306114197,0.12802079319953918,0.0034391721710562706,0.006937192752957344,0.0359153114259243,0.0002554280508775264,0.22718797624111176,voice_20240826_223638.wav
6.410034529835684e-06,5.6542285165051e-05,0.0005259442259557545,0.9658510684967041,0.008201195858418941,0.0253161508589983,4.266737596481107e-05,voice_20240826_224148.wav
